{"cameraMode":{"drawMode":0,"name":"Shaded","section":"Shading Mode"},"sceneLighting":true,"audioPlay":false,"sceneViewState":{"m_AlwaysRefresh":false,"showFog":true,"showSkybox":true,"showFlares":true,"showImageEffects":true,"showParticleSystems":true,"showVisualEffectGraphs":true,"m_FxEnabled":true},"in2DMode":false,"pivot":{"x":0.5758981704711914,"y":2.4108662605285646,"z":-81.05916595458985},"rotation":{"x":0.11225806176662445,"y":0.010433143004775048,"z":-0.0011810215655714274,"w":0.9936320185661316},"size":5.364236354827881,"orthographic":false}