{"cameraMode":{"drawMode":0,"name":"Shaded","section":"Shading Mode"},"sceneLighting":true,"audioPlay":false,"sceneViewState":{"m_AlwaysRefresh":false,"showFog":true,"showSkybox":true,"showFlares":true,"showImageEffects":true,"showParticleSystems":true,"showVisualEffectGraphs":true,"m_FxEnabled":true},"in2DMode":false,"pivot":{"x":-60.097068786621097,"y":-7.690629005432129,"z":128.87208557128907},"rotation":{"x":0.09785807132720947,"y":-0.6804704666137695,"z":0.09241027384996414,"w":0.7203561663627625},"size":60.003929138183597,"orthographic":false}